images,images
16.jpg,16.txt
17.jpg,17.txt
18.jpg,18.txt
19.jpg,19.txt
20.jpg,20.txt
21.jpg,21.txt
22.jpg,22.txt
23.jpg,23.txt
24.jpg,24.txt
25.jpg,25.txt
26.jpg,26.txt
27.jpg,27.txt
28.jpg,28.txt
29.jpg,29.txt
30.jpg,30.txt
31.jpg,31.txt
32.jpg,32.txt
33.jpg,33.txt
34.jpg,34.txt
35.jpg,35.txt
36.jpg,36.txt
37.jpg,37.txt
38.jpg,38.txt
39.jpg,39.txt
40.jpg,40.txt
41.jpg,41.txt
42.jpg,42.txt
43.jpg,43.txt
44.jpg,44.txt
45.jpg,45.txt
46.jpg,46.txt
47.jpg,47.txt
48.jpg,48.txt
49.jpg,49.txt
50.jpg,50.txt
51.jpg,51.txt
52.jpg,52.txt
53.jpg,53.txt
54.jpg,54.txt
55.jpg,55.txt
56.jpg,56.txt
57.jpg,57.txt
58.jpg,58.txt
59.jpg,59.txt
60.jpg,60.txt
61.jpg,61.txt
62.jpg,62.txt
63.jpg,63.txt
64.jpg,64.txt
65.jpg,65.txt
66.jpg,66.txt
67.jpg,67.txt
68.jpg,68.txt
69.jpg,69.txt
70.jpg,70.txt
71.jpg,71.txt
72.jpg,72.txt
73.jpg,73.txt
74.jpg,74.txt
75.jpg,75.txt
76.jpg,76.txt
77.jpg,77.txt
78.jpg,78.txt
79.jpg,79.txt
80.jpg,80.txt
81.jpg,81.txt
82.jpg,82.txt
83.jpg,83.txt
84.jpg,84.txt
85.jpg,85.txt
86.jpg,86.txt
87.jpg,87.txt
88.jpg,88.txt
89.jpg,89.txt
90.jpg,90.txt
91.jpg,91.txt
92.jpg,92.txt
93.jpg,93.txt
94.jpg,94.txt
95.jpg,95.txt
96.jpg,96.txt
97.jpg,97.txt
98.jpg,98.txt
99.jpg,99.txt
100.jpg,100.txt
101.jpg,101.txt
102.jpg,102.txt
103.jpg,103.txt
104.jpg,104.txt
105.jpg,105.txt
106.jpg,106.txt
107.jpg,107.txt
108.jpg,108.txt
109.jpg,109.txt
110.jpg,110.txt
111.jpg,111.txt
112.jpg,112.txt
113.jpg,113.txt
114.jpg,114.txt
115.jpg,115.txt
116.jpg,116.txt
117.jpg,117.txt
118.jpg,118.txt
119.jpg,119.txt
120.jpg,120.txt
121.jpg,121.txt
122.jpg,122.txt
123.jpg,123.txt
124.jpg,124.txt
125.jpg,125.txt
126.jpg,126.txt
127.jpg,127.txt
128.jpg,128.txt
129.jpg,129.txt
130.jpg,130.txt
131.jpg,131.txt
132.jpg,132.txt
133.jpg,133.txt
134.jpg,134.txt
135.jpg,135.txt
136.jpg,136.txt
137.jpg,137.txt
138.jpg,138.txt
139.jpg,139.txt
140.jpg,140.txt
141.jpg,141.txt
142.jpg,142.txt
143.jpg,143.txt
144.jpg,144.txt
145.jpg,145.txt
146.jpg,146.txt
147.jpg,147.txt
148.jpg,148.txt
149.jpg,149.txt
150.jpg,150.txt
151.jpg,151.txt
152.jpg,152.txt
153.jpg,153.txt
154.jpg,154.txt
155.jpg,155.txt
156.jpg,156.txt
157.jpg,157.txt
158.jpg,158.txt
159.jpg,159.txt
160.jpg,160.txt
161.jpg,161.txt
162.jpg,162.txt
163.jpg,163.txt
164.jpg,164.txt
165.jpg,165.txt
166.jpg,166.txt
167.jpg,167.txt
168.jpg,168.txt
169.jpg,169.txt
170.jpg,170.txt
171.jpg,171.txt
172.jpg,172.txt
173.jpg,173.txt
174.jpg,174.txt
175.jpg,175.txt
176.jpg,176.txt
177.jpg,177.txt
178.jpg,178.txt
179.jpg,179.txt
232.jpg,232.txt
233.jpg,233.txt
234.jpg,234.txt
235.jpg,235.txt
236.jpg,236.txt
237.jpg,237.txt
238.jpg,238.txt
239.jpg,239.txt
240.jpg,240.txt
241.jpg,241.txt
242.jpg,242.txt
243.jpg,243.txt
244.jpg,244.txt
245.jpg,245.txt
246.jpg,246.txt
247.jpg,247.txt
248.jpg,248.txt
249.jpg,249.txt
250.jpg,250.txt
251.jpg,251.txt
252.jpg,252.txt
253.jpg,253.txt
254.jpg,254.txt
255.jpg,255.txt
256.jpg,256.txt
257.jpg,257.txt
258.jpg,258.txt
259.jpg,259.txt
260.jpg,260.txt
261.jpg,261.txt
262.jpg,262.txt
263.jpg,263.txt
264.jpg,264.txt
265.jpg,265.txt
266.jpg,266.txt
267.jpg,267.txt
268.jpg,268.txt
269.jpg,269.txt
270.jpg,270.txt
271.jpg,271.txt
272.jpg,272.txt
273.jpg,273.txt
274.jpg,274.txt
275.jpg,275.txt
276.jpg,276.txt
277.jpg,277.txt
278.jpg,278.txt
279.jpg,279.txt
280.jpg,280.txt
281.jpg,281.txt
282.jpg,282.txt
283.jpg,283.txt
284.jpg,284.txt
285.jpg,285.txt
286.jpg,286.txt
287.jpg,287.txt
288.jpg,288.txt
289.jpg,289.txt
325.jpg,325.txt
326.jpg,326.txt
327.jpg,327.txt
328.jpg,328.txt
329.jpg,329.txt
330.jpg,330.txt
331.jpg,331.txt
332.jpg,332.txt
333.jpg,333.txt
334.jpg,334.txt
335.jpg,335.txt
336.jpg,336.txt
337.jpg,337.txt
338.jpg,338.txt
339.jpg,339.txt
340.jpg,340.txt
341.jpg,341.txt
342.jpg,342.txt
343.jpg,343.txt
344.jpg,344.txt
345.jpg,345.txt
346.jpg,346.txt
347.jpg,347.txt
348.jpg,348.txt
349.jpg,349.txt
350.jpg,350.txt
351.jpg,351.txt
352.jpg,352.txt
353.jpg,353.txt
354.jpg,354.txt
355.jpg,355.txt
356.jpg,356.txt
357.jpg,357.txt
358.jpg,358.txt
359.jpg,359.txt
360.jpg,360.txt
361.jpg,361.txt
362.jpg,362.txt
363.jpg,363.txt
364.jpg,364.txt
365.jpg,365.txt
366.jpg,366.txt
367.jpg,367.txt
368.jpg,368.txt
369.jpg,369.txt
370.jpg,370.txt
371.jpg,371.txt
372.jpg,372.txt
373.jpg,373.txt
374.jpg,374.txt
386.jpg,386.txt
387.jpg,387.txt
388.jpg,388.txt
389.jpg,389.txt
390.jpg,390.txt
391.jpg,391.txt
392.jpg,392.txt
393.jpg,393.txt
394.jpg,394.txt
395.jpg,395.txt
396.jpg,396.txt
397.jpg,397.txt
398.jpg,398.txt
878.jpg,878.txt
879.jpg,879.txt
880.jpg,880.txt
881.jpg,881.txt
882.jpg,882.txt
883.jpg,883.txt
884.jpg,884.txt
885.jpg,885.txt
886.jpg,886.txt
887.jpg,887.txt
888.jpg,888.txt
889.jpg,889.txt
890.jpg,890.txt
891.jpg,891.txt
949.jpg,949.txt
950.jpg,950.txt
951.jpg,951.txt
952.jpg,952.txt
953.jpg,953.txt
954.jpg,954.txt
955.jpg,955.txt
956.jpg,956.txt
957.jpg,957.txt
958.jpg,958.txt
959.jpg,959.txt
960.jpg,960.txt
961.jpg,961.txt
962.jpg,962.txt
963.jpg,963.txt
964.jpg,964.txt
965.jpg,965.txt
966.jpg,966.txt
967.jpg,967.txt
968.jpg,968.txt
969.jpg,969.txt
970.jpg,970.txt
971.jpg,971.txt
972.jpg,972.txt
973.jpg,973.txt
974.jpg,974.txt
975.jpg,975.txt
976.jpg,976.txt
977.jpg,977.txt
978.jpg,978.txt
979.jpg,979.txt
980.jpg,980.txt
981.jpg,981.txt
982.jpg,982.txt
983.jpg,983.txt
984.jpg,984.txt
985.jpg,985.txt
986.jpg,986.txt
987.jpg,987.txt
988.jpg,988.txt
989.jpg,989.txt
990.jpg,990.txt
991.jpg,991.txt
992.jpg,992.txt
993.jpg,993.txt
994.jpg,994.txt
995.jpg,995.txt
996.jpg,996.txt
997.jpg,997.txt
998.jpg,998.txt
999.jpg,999.txt
1000.jpg,1000.txt
1001.jpg,1001.txt
1002.jpg,1002.txt
1003.jpg,1003.txt
1004.jpg,1004.txt
1005.jpg,1005.txt
1006.jpg,1006.txt
1007.jpg,1007.txt
1008.jpg,1008.txt
1009.jpg,1009.txt
1010.jpg,1010.txt
1011.jpg,1011.txt
1012.jpg,1012.txt
1013.jpg,1013.txt
1014.jpg,1014.txt
1015.jpg,1015.txt
1016.jpg,1016.txt
1017.jpg,1017.txt
1018.jpg,1018.txt
1019.jpg,1019.txt
1020.jpg,1020.txt
1021.jpg,1021.txt
1022.jpg,1022.txt
1023.jpg,1023.txt
1024.jpg,1024.txt
1025.jpg,1025.txt
1026.jpg,1026.txt
1027.jpg,1027.txt
1028.jpg,1028.txt
1029.jpg,1029.txt
1030.jpg,1030.txt
1031.jpg,1031.txt
1539.jpg,1539.txt
1540.jpg,1540.txt
1541.jpg,1541.txt
1542.jpg,1542.txt
1543.jpg,1543.txt
1544.jpg,1544.txt
1545.jpg,1545.txt
1546.jpg,1546.txt
1547.jpg,1547.txt
1548.jpg,1548.txt
1549.jpg,1549.txt
1550.jpg,1550.txt
1551.jpg,1551.txt
1552.jpg,1552.txt
1553.jpg,1553.txt
1554.jpg,1554.txt
1555.jpg,1555.txt
1556.jpg,1556.txt
1557.jpg,1557.txt
1558.jpg,1558.txt
1559.jpg,1559.txt
1560.jpg,1560.txt
1561.jpg,1561.txt
1562.jpg,1562.txt
1563.jpg,1563.txt
1564.jpg,1564.txt
1851.jpg,1851.txt
1852.jpg,1852.txt
1853.jpg,1853.txt
1854.jpg,1854.txt
1855.jpg,1855.txt
1856.jpg,1856.txt
1857.jpg,1857.txt
1858.jpg,1858.txt
1859.jpg,1859.txt
1860.jpg,1860.txt
1861.jpg,1861.txt
1862.jpg,1862.txt
1863.jpg,1863.txt
1864.jpg,1864.txt
1865.jpg,1865.txt
1866.jpg,1866.txt
1867.jpg,1867.txt
1868.jpg,1868.txt
1869.jpg,1869.txt
1870.jpg,1870.txt
1871.jpg,1871.txt
1872.jpg,1872.txt
1873.jpg,1873.txt
1874.jpg,1874.txt
1875.jpg,1875.txt
1876.jpg,1876.txt
1877.jpg,1877.txt
1878.jpg,1878.txt
1879.jpg,1879.txt
1880.jpg,1880.txt
1881.jpg,1881.txt
1882.jpg,1882.txt
1883.jpg,1883.txt
1884.jpg,1884.txt
1885.jpg,1885.txt
1886.jpg,1886.txt
1887.jpg,1887.txt
1888.jpg,1888.txt
1889.jpg,1889.txt
1890.jpg,1890.txt
1891.jpg,1891.txt
1892.jpg,1892.txt
1893.jpg,1893.txt
1894.jpg,1894.txt
1895.jpg,1895.txt
1896.jpg,1896.txt
1897.jpg,1897.txt
1898.jpg,1898.txt
1899.jpg,1899.txt
1900.jpg,1900.txt
1901.jpg,1901.txt
1902.jpg,1902.txt
1903.jpg,1903.txt
1904.jpg,1904.txt
1905.jpg,1905.txt
1906.jpg,1906.txt
1907.jpg,1907.txt
1908.jpg,1908.txt
1909.jpg,1909.txt
1910.jpg,1910.txt
1911.jpg,1911.txt
1912.jpg,1912.txt
1913.jpg,1913.txt
1914.jpg,1914.txt
1915.jpg,1915.txt
1916.jpg,1916.txt
1917.jpg,1917.txt
1918.jpg,1918.txt
1919.jpg,1919.txt
1920.jpg,1920.txt
1921.jpg,1921.txt
1922.jpg,1922.txt
1923.jpg,1923.txt
1924.jpg,1924.txt
1925.jpg,1925.txt
1926.jpg,1926.txt
1927.jpg,1927.txt
1928.jpg,1928.txt
1929.jpg,1929.txt
1930.jpg,1930.txt
2270.jpg,2270.txt
2271.jpg,2271.txt
2272.jpg,2272.txt
2273.jpg,2273.txt
2274.jpg,2274.txt
2275.jpg,2275.txt
2276.jpg,2276.txt
2277.jpg,2277.txt
2278.jpg,2278.txt
2279.jpg,2279.txt
2280.jpg,2280.txt
2281.jpg,2281.txt
2282.jpg,2282.txt
2283.jpg,2283.txt
2284.jpg,2284.txt
2285.jpg,2285.txt
2286.jpg,2286.txt
2287.jpg,2287.txt
2288.jpg,2288.txt
2289.jpg,2289.txt
2290.jpg,2290.txt
2291.jpg,2291.txt
2292.jpg,2292.txt
2293.jpg,2293.txt
2294.jpg,2294.txt
2295.jpg,2295.txt
2296.jpg,2296.txt
2297.jpg,2297.txt
2298.jpg,2298.txt
2299.jpg,2299.txt
2300.jpg,2300.txt
2301.jpg,2301.txt
2302.jpg,2302.txt
2303.jpg,2303.txt
2304.jpg,2304.txt
2305.jpg,2305.txt
2306.jpg,2306.txt
2307.jpg,2307.txt
2308.jpg,2308.txt
2309.jpg,2309.txt
2310.jpg,2310.txt
2311.jpg,2311.txt
2312.jpg,2312.txt
2313.jpg,2313.txt
2314.jpg,2314.txt
2315.jpg,2315.txt
2316.jpg,2316.txt
2317.jpg,2317.txt
2318.jpg,2318.txt
2319.jpg,2319.txt
2320.jpg,2320.txt
2321.jpg,2321.txt
2322.jpg,2322.txt
2323.jpg,2323.txt
2324.jpg,2324.txt
2325.jpg,2325.txt
2326.jpg,2326.txt
2327.jpg,2327.txt
2328.jpg,2328.txt
2329.jpg,2329.txt
2330.jpg,2330.txt
2331.jpg,2331.txt
2332.jpg,2332.txt
2333.jpg,2333.txt
2334.jpg,2334.txt
2335.jpg,2335.txt
2336.jpg,2336.txt
2337.jpg,2337.txt
2338.jpg,2338.txt
2339.jpg,2339.txt
2340.jpg,2340.txt
2341.jpg,2341.txt
2342.jpg,2342.txt
2343.jpg,2343.txt
2344.jpg,2344.txt
2345.jpg,2345.txt
4206.jpg,4206.txt
4207.jpg,4207.txt
4208.jpg,4208.txt
4209.jpg,4209.txt
4210.jpg,4210.txt
4211.jpg,4211.txt
4212.jpg,4212.txt
4213.jpg,4213.txt
4214.jpg,4214.txt
4215.jpg,4215.txt
4216.jpg,4216.txt
4217.jpg,4217.txt
4218.jpg,4218.txt
4219.jpg,4219.txt
4220.jpg,4220.txt
4221.jpg,4221.txt
4222.jpg,4222.txt
4223.jpg,4223.txt
4224.jpg,4224.txt
4225.jpg,4225.txt
4226.jpg,4226.txt
4227.jpg,4227.txt
4228.jpg,4228.txt
4229.jpg,4229.txt
4230.jpg,4230.txt
4231.jpg,4231.txt
4232.jpg,4232.txt
4233.jpg,4233.txt
4234.jpg,4234.txt
4235.jpg,4235.txt
4236.jpg,4236.txt
4237.jpg,4237.txt
4238.jpg,4238.txt
4239.jpg,4239.txt
4240.jpg,4240.txt
4241.jpg,4241.txt
4242.jpg,4242.txt
4243.jpg,4243.txt
4244.jpg,4244.txt
4245.jpg,4245.txt
4246.jpg,4246.txt
4247.jpg,4247.txt
4248.jpg,4248.txt
4249.jpg,4249.txt
4250.jpg,4250.txt
4251.jpg,4251.txt
4252.jpg,4252.txt
4253.jpg,4253.txt
4254.jpg,4254.txt
4255.jpg,4255.txt
4256.jpg,4256.txt
4257.jpg,4257.txt
4258.jpg,4258.txt
4259.jpg,4259.txt
4260.jpg,4260.txt
4261.jpg,4261.txt
4262.jpg,4262.txt
4263.jpg,4263.txt
4264.jpg,4264.txt
4265.jpg,4265.txt
4266.jpg,4266.txt
4267.jpg,4267.txt
4268.jpg,4268.txt
4269.jpg,4269.txt
4270.jpg,4270.txt
4271.jpg,4271.txt
4272.jpg,4272.txt
4273.jpg,4273.txt
4274.jpg,4274.txt
4275.jpg,4275.txt
4276.jpg,4276.txt
4277.jpg,4277.txt
4278.jpg,4278.txt
4279.jpg,4279.txt
4280.jpg,4280.txt
4281.jpg,4281.txt
4282.jpg,4282.txt
4283.jpg,4283.txt
4284.jpg,4284.txt
4285.jpg,4285.txt
4286.jpg,4286.txt
4287.jpg,4287.txt
4288.jpg,4288.txt
4289.jpg,4289.txt
4290.jpg,4290.txt
4291.jpg,4291.txt
4292.jpg,4292.txt
4293.jpg,4293.txt
4294.jpg,4294.txt
4295.jpg,4295.txt
4296.jpg,4296.txt
4297.jpg,4297.txt
4298.jpg,4298.txt
4299.jpg,4299.txt
4300.jpg,4300.txt
4301.jpg,4301.txt
4302.jpg,4302.txt